distrito;inep;unidade_escolar;creche;pre_escola;1_ano;2_ano;3_ano;4_ano;5_ano;6_ano;7_ano;8_ano;9_ano;eja_ai;eja_af
1;23259418;E.M. 11 DE AGOSTO;58;58;0;0;0;0;0;240;270;242;193;0;0
1;23263296;E.M. AGOSTINHO MOREIRA E SILVA;133;410;196;164;135;0;0;0;0;0;0;53;81
1;23064870;E.M. ALBA FROTA;40;119;110;75;73;96;76;0;0;0;0;0;0
1;23264144;E.M. ALDEIDES REGIS;96;210;114;133;98;0;0;0;0;0;0;0;0
1;23215267;E.M. ANTONIO CORREIA LIMA;0;0;0;0;0;0;0;152;141;138;132;0;76
1;23184221;E.M. ANTONIO MENDES;0;0;0;0;45;342;313;0;0;0;0;0;0
1;23066520;E.M. CASIMIRO JOSE DE LIMA FILHO;131;270;153;136;0;0;0;0;0;0;0;0;0
1;23066628;E.M. CASTELO DE CASTRO;130;173;109;106;134;102;132;0;0;0;0;0;0
1;23067691;E.M. CRISTO REDENTOR;0;0;0;0;0;0;0;179;186;143;142;0;77
1;23529989;EMTI ALDEMIR MARTINS;0;0;0;0;0;0;0;105;70;70;105;0;0
1;23271493;EMTI NOSSA SENHORA DE FATIMA;0;0;0;0;0;0;0;114;114;114;114;0;0
1;23271507;E.M. DOIS DE DEZEMBRO;80;150;92;112;262;330;362;0;0;0;0;0;0
1;23255668;E.M. DOM ANTONIO BATISTA DE FRAGOSO;0;0;0;0;0;0;0;229;190;183;146;0;0
1;23234300;E.M. DOM HELDER CAMARA;75;152;88;103;124;132;132;0;0;0;0;0;0
1;23255870;E.M. FRANCISCO DAS CHAGAS DE FARIAS;0;0;23;56;56;63;80;0;0;0;0;0;0
1;23070021;E.M. FRANCISCO DOMINGOS DA SILVA;0;0;0;0;0;0;0;308;355;296;150;58;79
1;23257873;E.M. FRANCISCO EDILSON PINHEIRO;116;139;73;54;180;167;160;0;0;0;0;0;0
1;23071168;E.M. FRANCISCO SILVA CAVALCANTE;0;0;0;0;0;0;0;173;150;132;112;0;0
1;23234318;E.M. HERONDINA LIMA CAVALCANTE;0;0;0;0;0;70;67;311;313;306;292;30;77
1;23071028;E.M. HILBERTO SILVA;0;0;85;103;167;162;217;0;0;0;0;0;33
1;23256036;E.M. JADER DE FIGUEIREDO CORREIA;0;87;88;81;96;156;164;0;0;0;0;0;0
1;23255749;E.M. JESUS CRISTO;136;292;46;79;98;102;102;0;0;0;0;0;0
1;23072270;E.M. JOSE DE ALENCAR;0;0;0;0;0;0;0;117;229;224;266;0;117
1;23263326;E.M. LORHAN MARQUES MEDEIROS;0;122;134;107;0;0;0;0;0;0;0;0;0
1;23255641;E.M. MANOEL RODRIGUES;0;0;0;0;0;0;0;152;152;254;175;0;0
1;23255854;E.M. MARIA DALVA SEVERINO MARREIRO;56;78;85;45;0;0;0;0;0;0;0;0;0
1;23257881;E.M. MARIA MARIZA MENDES DE CARVALHO;116;255;127;130;0;0;0;0;0;0;0;0;0
1;23190787;E.M. MARIA ROSELI LIMA MESQUITA;197;363;174;119;147;128;154;0;0;0;0;0;61
1;23074876;E.M. MOURA BRASIL;55;62;42;25;55;65;34;87;77;76;58;0;0
1;23245379;E.M. NOSSA SENHORA APARECIDA;73;68;36;35;47;47;48;0;0;0;0;0;0
1;23255889;E.M. NOSSA SENHORA DO PERPETUO SOCORRO;0;0;0;0;0;0;0;253;258;224;217;0;0
1;23272716;E.M. PATATIVA DO ASSARE;56;115;91;103;128;135;134;0;0;0;0;0;0
1;23072504;E.M. PROF.? JOSE PARSIFAL BARROSO;0;0;0;0;0;0;0;147;188;153;112;0;0
1;23072520;E.M. PROF.? JOSE REBOUCAS MACAMBIRA;81;119;0;0;33;68;67;152;202;183;161;0;75
1;23076682;E.M. QUINTINO CUNHA;0;0;66;77;159;162;132;0;0;0;0;0;0
1;23255960;E.M. RACHEL DE QUEIROZ;133;228;133;107;124;0;0;0;0;0;0;0;0
1;23255951;E.M. RAIMUNDO DE SOUSA MANGUEIRA;55;0;87;69;115;98;124;0;0;0;0;0;0
1;23263318;E.M. REITOR PEDRO TEIXEIRA BARROSO;0;0;0;0;0;0;0;149;217;226;200;0;0
1;23069198;E.M. SANTA TEREZA;57;0;0;47;26;94;132;100;0;0;0;0;0
1;23067756;E.M. SAO CURA DARS;71;116;90;83;91;99;68;0;0;0;0;0;0
1;23269170;E.M. SAO RAFAEL;19;43;23;25;27;29;34;132;137;87;35;0;0
1;23077450;E.M. SEBASTIANA ALDIGUERI;110;0;0;0;0;0;0;108;170;179;175;0;0
1;23547987;E.M. SECRETARIO PAULO PETROLA;185;0;0;0;0;110;115;127;154;146;109;0;0
1;23311614;E.M. TERTULIANO CAMBRAIA;119;334;137;56;0;0;0;0;0;0;0;0;0
1;23256044;E.M. VIRGILIO TAVORA;108;221;90;74;66;0;0;0;0;0;0;0;0
2;23064994;E.M. ALMERINDA DE ALBUQUERQUE;147;71;45;67;78;94;90;0;0;0;0;25;59
2;23065052;E.M. ALVORADA;118;155;110;104;0;0;0;0;0;0;0;0;0
2;23067330;E.M. COLONIA Z-8;0;88;44;56;60;62;68;0;0;0;0;0;0
2;23264810;EMTI AMBIENTAL DRA FRANCISCA DE ASSIS C. DA FROTA;0;32;42;51;55;64;56;0;0;0;0;0;0
2;23065028;EMTI PROF.? ALVARO COSTA;0;0;0;0;0;0;0;76;127;112;94;0;0
2;23069317;EMTI PROF.? ANTONIETA CALS;53;32;0;0;0;0;0;114;148;111;56;0;0
2;23547995;E.M. DOM ALOISIO LORSCHEIDER;75;107;58;55;54;77;66;142;137;175;127;0;74
2;23068302;E.M. ELEAZAR DE CARVALHO;0;93;61;54;88;80;68;0;0;0;0;0;0
2;23250275;E.M. FREI AGOSTINHO FERNANDES;79;96;64;56;58;51;65;0;0;0;0;0;0
2;23186160;E.M. FREI TITO DE ALENCAR LIMA;93;172;106;91;98;108;99;112;151;142;109;0;63
2;23257369;E.M. GODOFREDO DE CASTRO FILHO;40;122;65;82;73;83;81;147;110;115;60;98;94
2;23077611;E.M. IRMA SIMAS;0;0;0;38;144;154;131;0;0;0;0;32;73
2;23274034;E.M. JOHNSON;0;0;0;0;0;0;0;190;232;227;191;0;0
2;23257482;E.M. JOSE CARLOS DE PINHO;40;75;65;40;69;77;92;0;0;0;0;0;0
2;23072350;E.M. JOSE DIAS MACEDO;107;113;46;46;61;50;62;0;0;0;0;22;63
2;23072512;E.M. JOSE RAMOS TORRES DE MELO;152;0;0;0;0;0;0;195;298;263;267;0;38
2;23233729;E.M. LUIS ANGELO PEREIRA;94;239;46;76;0;0;0;0;0;0;0;0;0
2;23270560;E.M. MARIA ALICE;141;81;124;100;97;95;65;0;0;0;0;0;0
2;23198818;E.M. MARIA FELICIO LOPES;116;180;89;78;78;88;90;182;143;321;253;0;0
2;23257393;E.M. NOSSA SENHORA DO SAGRADO CORACAO;80;146;57;39;49;49;42;0;0;0;0;0;0
2;23250631;E.M. PROF.? ERNESTO GURGEL;73;134;64;64;68;66;67;76;136;76;95;0;0
2;23070048;E.M. PROF.? FRANCISCO MAURICIO DE M. DOURADO;215;229;160;118;131;161;136;0;0;0;0;52;74
2;23187840;E.M. PROF.? LUIS COSTA;111;183;84;80;63;67;68;0;0;0;0;0;0
2;23325216;E.M. PROF.? MANUEL EDUARDO PINHEIRO CAMPOS;83;74;34;56;46;56;68;91;99;85;78;0;0
2;23074779;E.M. PROF.? MONTEIRO DE MORAES;235;211;138;106;118;121;129;0;0;0;0;32;107
2;23064854;E.M. PROF.? AIDA SANTOS E SILVA;131;143;90;102;124;98;120;0;0;0;0;0;0
2;23064927;E.M. PROF.? ALDACI BARBOSA;0;0;0;0;0;0;0;250;297;345;279;0;0
2;23065958;E.M. PROF.? BELARMINA CAMPOS;133;212;110;109;131;132;100;259;263;0;0;26;75
2;23067462;E.M. PROF.? CONSUELO AMORA;0;0;88;81;132;156;133;0;0;0;0;30;70
2;23256559;E.M. PROF.? JOSEFINA PARENTE DE ARAUJO;40;114;62;36;51;31;33;0;0;0;0;0;0
2;23073608;E.M. PROF.? MARIA GONDIM DOS SANTOS;88;158;23;52;53;61;66;128;114;128;56;28;141
2;23264152;E.M. PROF.? MARIA ODNILRA CRUZ MOREIRA;139;264;173;136;161;123;158;150;0;0;0;0;73
2;23257440;E.M. SAO VICENTE DE PAULO;75;86;67;56;91;87;66;0;0;0;0;0;0
2;23078596;E.M. WASHINGTON SOARES;0;0;0;0;0;0;0;89;125;89;69;0;0
3;23067934;E.M. ADROALDO TEIXEIRA CASTELO;58;213;142;122;127;157;159;0;0;0;0;56;73
3;23065397;E.M. ANTONIO SALES;95;134;66;49;61;67;67;0;0;0;0;0;0
3;23065680;E.M. AUTRAN NUNES;129;115;82;81;66;101;152;0;0;0;0;0;0
3;23546026;E.M. BERGSON GURJAO FARIAS;58;244;152;149;157;154;129;0;0;0;0;0;0
3;23069015;EMTI PROF.? ADEMAR NUNES BATISTA;0;0;0;0;0;0;0;114;76;152;77;0;0
3;23331615;EMTI PROF.? JOAQUIM FRANCISCO DE SOUSA FILHO;0;0;0;0;0;0;0;76;114;114;114;0;0
3;23264780;EMTI PROF.? JOSE JULIO DA PONTE;0;0;0;0;0;0;0;60;60;60;66;0;0
3;23274930;EMTI PROF.? PRISCO BEZERRA;0;0;0;0;0;0;0;114;114;114;114;0;0
3;23272732;E.M. DEPUTADO GERONCIO BEZERRA;96;122;42;40;0;0;0;0;0;0;0;0;0
3;23067977;E.M. DOLORES ALCANTARA;0;0;0;0;0;0;0;247;289;215;180;34;79
3;23072555;E.M. DOM JOSE TUPINAMBA DA FROTA;116;123;69;69;65;66;68;0;0;0;0;0;0
3;23067764;E.M. DONA DAGMAR GENTIL;139;0;116;93;111;125;100;0;0;0;0;0;0
3;23068167;E.M. EDILSON BRASIL SOAREZ;0;0;0;0;0;0;0;153;220;158;157;0;0
3;23069937;E.M. FAUSTINO DE ALBUQUERQUE;72;83;92;103;91;0;0;0;0;0;0;0;0
3;23068892;E.M. FREI LAURO SCHWARTE;0;0;16;25;50;59;80;106;137;107;99;33;53
3;23070471;E.M. GABRIEL CAVALCANTE;48;94;67;77;86;100;100;0;0;0;0;60;70
3;23069945;E.M. GOVERNADOR FAUSTINO DE ALBUQUERQUE;115;178;0;0;0;0;0;180;160;221;198;0;0
3;23070870;E.M. GUSTAVO BARROSO;52;80;40;48;33;54;56;103;71;74;97;0;0
3;23069538;E.M. HONORIO BEZERRA;0;0;0;0;30;126;145;0;0;0;0;0;0
3;23233834;E.M. IRMA MARIA EVANETE;135;239;121;77;93;121;119;0;0;0;0;0;0
3;23257172;E.M. JOAO FREDERICO FERREIRA GOMES;80;200;126;109;95;121;88;0;0;0;0;0;0
3;23264160;E.M. JOAO NUNES PINHEIRO;76;330;135;111;101;99;135;0;0;0;0;0;0
3;23257202;E.M. JOAO PAULO II;206;180;110;104;115;210;187;0;0;0;0;0;0
3;23185066;E.M. JOAQUIM NOGUEIRA;91;0;0;0;0;0;0;200;241;298;99;26;71
3;23234407;E.M. JOSE BATISTA DE OLIVEIRA;92;183;107;106;106;128;124;154;79;0;0;49;75
3;23072245;E.M. JOSE BONIFACIO DE SOUSA;0;0;0;0;0;0;0;186;239;233;195;0;0
3;23270675;E.M. JOSE CARLOS DA COSTA RIBEIRO;127;121;92;91;101;135;173;0;0;0;0;0;0
3;23245212;E.M. JOSE NAURI BRAGA;0;0;0;0;98;119;131;0;0;0;0;0;0
3;23263334;E.M. LENIRA JUREMA DE MAGALHAES;0;237;132;124;84;0;0;0;0;0;0;0;0
3;23271531;E.M. MANOEL CAETANO DE SOUZA;0;99;96;89;90;62;86;0;0;0;0;0;0
3;23257644;E.M. MARIA CARDOSO;0;0;84;84;96;96;97;0;0;0;0;0;0
3;23073080;E.M. MONSENHOR LINHARES;64;0;0;0;0;0;0;150;204;188;178;56;76
3;23075015;E.M. MURILO AGUIAR;100;274;107;134;123;106;120;0;0;0;0;0;73
3;23257237;E.M. MURILO SERPA;243;251;124;104;124;132;125;0;0;0;0;61;58
3;23075058;E.M. NARCISA BORGES;73;68;43;32;43;30;23;0;0;0;0;0;0
3;23075120;E.M. NILSON HOLANDA;0;0;0;0;0;0;0;149;152;171;163;0;112
3;23072180;E.M. PADRE ARIMATEIA DINIZ;0;0;67;56;33;55;58;40;119;106;113;0;0
3;23068469;E.M. PADRE JOSEFINO CABRAL;0;63;44;49;46;30;0;0;0;0;0;0;0
3;23075856;E.M. PAULO SARASATE;122;165;61;54;59;87;67;0;0;0;0;51;80
3;23072911;E.M. PRESIDENTE KENNEDY;0;0;0;0;0;0;0;157;156;156;154;62;117
3;23065125;E.M. PROF.? AMERICO BARREIRA;0;0;0;0;0;0;0;245;288;194;152;60;109
3;23188375;E.M. PROF.? CLODOALDO PINTO;93;110;78;74;69;88;97;0;0;0;0;0;0
3;23184680;E.M. PROF.? DENIZARD MACEDO DE ALCANTARA;58;106;92;98;102;162;159;0;0;0;0;25;67
3;23263040;E.M. PROF.? GERARDO MILTON DE SA;94;99;65;81;98;110;133;190;194;0;0;28;78
3;23069350;E.M. PROF.? JOSE MILITAO DE ALBUQUERQUE;76;0;44;54;65;68;66;113;121;112;195;0;82
3;23072156;E.M. PROF.? JOSE SOBREIRA DE AMORIM;157;203;113;109;110;99;99;0;0;0;0;0;0
3;23074140;E.M. PROF.? MARTINZ DE AGUIAR;60;80;0;0;0;0;0;159;139;155;160;22;72
3;23189681;E.M. PROF.? MARIA LIDUINA CORREA LEITE;153;241;154;125;0;0;0;0;0;0;0;0;0
3;23257695;E.M. SANTA LUZIA;56;160;86;81;85;83;29;0;0;0;0;0;0
3;23187778;E.M. SANTA MARIA;0;137;0;0;0;0;0;244;252;252;183;23;101
3;23257075;E.M. SAO CARLOS;156;226;46;42;38;0;0;0;0;0;0;0;0
3;23256060;E.M. SAO JOSE;0;0;0;0;0;0;0;123;131;127;122;33;115
3;23257750;E.M. SAO RAIMUNDO;95;116;45;72;82;89;92;0;0;0;0;0;0
4;23186909;E.M. ABDENAGO DA ROCHA LIMA;0;21;44;71;64;92;78;0;0;0;0;0;0
4;23264179;E.M. ADALBERTO STUDART FILHO;76;154;86;108;128;64;65;0;0;0;0;0;0
4;23256850;E.M. ANDRE LUIS;104;147;87;90;76;78;96;0;0;0;0;0;0
4;23065621;E.M. ARI DE SA CAVALCANTE;82;0;0;0;63;63;107;153;158;91;94;0;0
4;23066660;E.M. CATULO DA PAIXAO CEARENSE;76;142;87;70;97;0;0;0;0;0;0;0;0
4;23075155;E.M. CLAUDIO MARTINS;0;0;0;0;0;0;0;139;202;202;216;0;0
4;23324244;EMTI CAROLINO SUCUPIRA;0;0;39;41;56;61;66;0;0;0;0;0;0
4;23078740;EMTI DIOGO VITAL DE SIQUEIRA;0;0;0;0;0;0;0;76;76;114;152;0;0
4;23259566;EMTI EDUCACAO BILINGUE FRANCISCO S. B. MOTA;0;21;11;9;18;9;14;0;0;0;0;0;0
4;23070250;EMTI FILGUEIRAS LIMA;182;41;0;0;0;0;0;110;114;113;111;0;0
4;23275006;EMTI LEONEL DE MOURA BRIZOLA;0;0;0;0;0;0;0;114;114;114;110;0;0
4;23259540;EMTI PROF.? EDGAR LINHARES LIMA;0;0;0;0;0;0;0;106;110;106;115;0;0
4;23272694;E.M. DELMA HERMINIA DA SILVA PEREIRA;0;0;0;0;0;0;0;257;204;150;122;0;0
4;23073934;E.M. DOM MANOEL DA SILVA GOMES;0;0;26;39;42;43;43;177;221;150;116;0;0
4;23250550;E.M. FRANCISCO ANDRADE TEOFILO GIRAO;153;303;135;140;133;130;134;163;194;0;0;0;0
4;23070056;E.M. FRANCISCO NUNES CAVALCANTE;194;236;45;52;68;64;67;0;0;0;0;0;0
4;23257679;E.M. GEISA FIRMO GONCALVES;0;0;0;0;150;140;160;0;0;0;0;0;0
4;23073870;E.M. GENERAL MANOEL CORDEIRO NETO;88;0;0;0;0;0;0;122;152;135;196;27;76
4;23262605;E.M. HAROLDO JORGE BRAUN VIEIRA;38;117;65;69;66;64;94;71;70;69;0;0;0
4;23222964;E.M. HEITOR VILLA LOBOS;0;0;44;47;46;63;114;0;0;0;0;0;0
4;23233702;E.M. IMACULADA CONCEICAO;0;40;44;52;51;59;60;0;0;0;0;0;0
4;23324252;E.M. INFANTE ROSALINA RODRIGUES;214;262;175;134;129;131;130;0;0;0;0;0;0
4;23244976;E.M. IRMA GIULIANA GALLI;131;0;66;69;65;66;89;0;0;0;0;0;0
4;23080124;E.M. JORNALISTA DURVAL AYRES;0;0;0;0;0;0;0;86;165;133;118;0;63
4;23186950;E.M. MADRE TERESA DE CALCUTA;135;160;69;60;62;67;65;0;0;0;0;0;0
4;23184558;E.M. MANUEL LIMA SOARES;88;0;0;0;0;0;0;151;115;133;118;0;69
4;23198486;E.M. MARCOS VALENTIM PEREIRA DE SOUZA;261;171;88;73;82;87;90;0;0;0;0;0;0
4;23234423;E.M. MARIA DE CARVALHO MARTINS;262;173;88;100;91;99;101;0;0;0;0;0;0
4;23330015;E.M. MARIA MARQUES CEDRO;0;285;140;123;0;0;0;0;0;0;0;0;0
4;23213140;E.M. MARIA ROCHELLE DA SILVA;0;0;0;0;59;99;85;96;69;118;139;0;0
4;23073772;E.M. MARIA ZELIA CORREIA DE SOUZA;92;0;0;0;0;0;0;159;191;226;188;42;124
4;23257520;E.M. MINHA VIDA MEUS AMORES;209;329;83;73;0;0;0;0;0;0;0;0;0
4;23234172;E.M. MONTEIRO LOBATO;170;185;66;82;88;106;86;0;0;0;0;0;0
4;23069368;E.M. MOZART PINTO;40;131;86;91;109;138;127;0;0;0;0;0;0
4;23273755;E.M. NELSON MANDELA;0;0;0;0;0;0;0;163;197;165;0;0;59
4;23264209;E.M. ODILON GONZAGA BRAVEZA;111;120;62;46;50;62;56;104;118;195;66;0;65
4;23256486;E.M. PADRE FELICE PISTONE;0;184;126;105;116;131;130;0;0;0;0;0;0
4;23071990;E.M. PAPA JOAO XXIII;151;182;100;104;98;122;93;0;0;0;0;0;0
4;23546999;E.M. PAULO SERGIO DE SOUSA LIRA;0;0;86;73;97;106;77;0;0;0;0;50;62
4;23071818;E.M. PROF.? JOAO HIPOLYTO DE AZEVEDO E SA;205;176;101;80;69;88;86;100;102;38;0;57;73
4;23072563;E.M. PROF.? JOSE VALDEVINO DE CARVALHO;147;172;80;104;116;93;98;0;0;0;0;32;67
4;23257059;E.M. PROF.? IRENE DE SOUZA PEREIRA;0;0;44;43;55;66;93;67;76;104;86;0;0
4;23325224;E.M. PROF.? MARIA JOSE MACARIO COELHO;0;0;0;0;0;0;0;260;203;227;188;0;0
4;23073748;E.M. PROF.? MARIA STELLA COCHRANE SANTIAGO;262;252;45;49;50;62;66;141;120;140;110;0;0
4;23235365;E.M. PROF.? VANIA MARIA NEVES FACO BARROS;0;126;231;215;136;170;168;0;0;0;0;0;0
4;23078448;E.M. PROF.? VICENTINA CAMPOS MARINHO LOPES;0;0;0;0;0;0;0;107;175;144;135;0;0
4;23075074;E.M. PROJETO NASCENTE;209;260;69;71;79;89;95;135;114;76;105;52;73
4;23076798;E.M. RACHEL DE QUEIROZ;94;108;69;102;133;101;91;0;0;0;0;0;0
4;23250666;E.M. RAIMUNDO DE MOURA MATOS;190;285;181;189;192;228;198;0;0;0;0;65;145
4;23184779;E.M. RAIMUNDO SOARES DE SOUZA;0;0;0;0;0;125;100;159;157;191;79;20;35
4;23077131;E.M. ROGACIANO LEITE;94;0;0;0;0;0;0;102;116;181;110;0;0
4;23242710;E.M. SANTA TEREZINHA;115;248;46;52;65;66;66;0;0;0;0;0;0
4;23257334;E.M. TEREZA D ANA;80;204;116;115;0;0;0;0;0;0;0;0;0
4;23078030;E.M. THOMAZ POMPEU SOBRINHO;40;84;44;49;65;67;68;78;89;77;102;0;0
4;23078413;E.M. VICENTE FIALHO;92;83;39;50;42;50;51;49;50;51;57;22;48
4;23078553;E.M. WALDEMAR BARROSO;0;0;0;0;0;0;0;207;187;182;212;0;135
4;23078626;E.M. ZAIRA MONTEIRO GONDIM;0;0;0;0;0;0;0;114;154;178;137;0;0
5;23272740;E.M. 15 DE OUTUBRO;195;281;156;182;190;200;233;0;0;0;0;0;0
5;23263148;E.M. ALAIDE AUGUSTO DE OLIVEIRA;103;64;42;49;114;126;121;0;0;0;0;0;0
5;23065311;E.M. ANTONIO DIOGO DE SIQUEIRA;165;271;68;67;76;62;96;0;0;0;0;48;71
5;23078766;E.M. CASIMIRO MONTENEGRO;192;117;62;75;94;99;112;146;144;137;104;0;37
5;23242469;E.M. CATARINA LIMA DA SILVA;0;0;0;0;0;0;0;184;199;244;256;55;68
5;23067390;E.M. CONCEICAO MOURAO;112;0;0;0;0;0;98;171;189;191;179;0;0
5;23271540;E.M. CRESCER E APRENDER;38;281;154;0;0;0;0;0;0;0;0;0;0
5;23067543;E.M. CREUSA DO CARMO ROCHA;0;0;0;0;0;0;0;268;295;219;173;50;119
5;23065265;EMTI DOM ANTONIO DE ALMEIDA LUSTOSA;0;0;0;0;0;0;0;114;114;114;114;0;0
5;23234440;EMTI FRANCISCA FERNANDES MAGALHAES;124;0;59;70;52;50;47;0;0;0;0;0;0
5;23273747;EMTI HILDETE BRASIL DE SA CAVALCANTE;0;0;0;0;0;0;0;112;112;78;152;0;0
5;23262613;EMTI MARIA DO SOCORRO ALVES CARNEIRO;0;0;0;0;0;0;0;114;114;114;114;0;0
5;23264799;EMTI PROF.? ALEXANDRE RODRIGUES DE ALBUQUERQUE;0;0;0;0;0;0;0;113;113;152;74;0;0
5;23275146;EMTI PROF.? EXPEDITO PARENTE;0;0;0;0;0;0;0;76;152;114;114;0;0
5;23259558;EMTI PROF.? MARIA JOSE FERREIRA GOMES;0;0;0;0;0;0;0;114;113;114;114;0;0
5;23263113;E.M. DOUTOR SERVULO MENDES BARROSO;0;0;153;140;140;140;139;0;0;0;0;0;0
5;23214899;E.M. EDUCADOR PAULO FREIRE;167;90;40;36;45;32;32;40;36;73;96;0;0
5;23256923;E.M. FLORIVAL ALVES SERAINE;60;182;129;138;119;128;198;0;0;0;0;26;116
5;23227419;E.M. FRANCISCA DE ABREU LIMA;156;247;66;71;83;60;60;0;0;0;0;0;0
5;23070030;E.M. FRANCISCO EDMILSON PINHEIRO;0;163;115;112;135;101;131;0;0;0;0;32;83
5;23070960;E.M. HENRIQUETA GALENO;132;0;0;28;33;66;152;176;176;189;163;61;90
5;23213736;E.M. HERBERT DE SOUZA;80;164;133;111;123;100;97;0;0;0;0;0;0
5;23257105;E.M. HILZA DIOGO CALS;89;121;67;72;0;0;0;0;0;0;0;0;0
5;23256966;E.M. IRMA ROCHA;191;130;68;102;118;101;0;0;0;0;0;0;0
5;23233842;E.M. JOAO ESTANISLAU FACANHA;162;0;0;0;79;91;89;114;113;108;102;0;0
5;23263130;E.M. JOAO HILDO DE CARVALHO FURTADO;170;272;135;115;129;133;124;131;150;155;134;59;80
5;23071850;E.M. JOAO MENDES DE ANDRADE;76;39;0;0;0;126;131;156;199;191;188;58;110
5;23272759;E.M. JOAO PAULO I;0;141;92;84;99;95;94;0;0;0;0;0;0
5;23072016;E.M. JOAQUIM ALVES;0;60;114;72;0;0;0;0;0;0;0;0;0
5;23234067;E.M. JONATHAN DA ROCHA ALCOFORADO;159;142;63;70;98;66;67;110;71;74;72;0;0
5;23245182;E.M. JORNALISTA DEMOCRITO DUMMAR;139;260;170;167;167;158;190;0;0;0;0;0;0
5;23244305;E.M. JOSE ALCIDES PINTO;0;0;0;0;0;0;0;239;284;286;244;0;64
5;23072202;E.M. JOSE AYRTON TEIXEIRA;76;79;0;0;0;0;0;194;214;223;230;0;0
5;23256796;E.M. JOSE CARLOS MATOS;95;99;64;64;84;63;86;0;0;0;0;0;0
5;23256699;E.M. MANOEL MALVEIRA MAIA;147;129;80;65;75;85;87;0;0;0;0;0;0
5;23257300;E.M. MARIA BEZERRA QUEVEDO;127;124;66;50;123;99;228;0;0;0;0;54;75
5;23263121;E.M. MARIA DOLORES PETROLA DE MELO JORGE;162;248;114;127;111;101;152;0;0;0;0;0;0
5;23073764;E.M. MARIA VIVIANE BENEVIDES GOUVEIA;186;105;47;56;66;63;59;59;63;69;38;0;0
5;23074086;E.M. MARIETA GUEDES MARTINS;0;0;0;0;0;0;0;188;217;192;208;0;0
5;23206152;E.M. MARILENE LOPES RABELO;143;142;84;69;59;58;68;62;68;70;69;0;0
5;23302615;E.M. NARCISO PESSOA DE ARAUJO;0;0;0;0;0;0;0;167;187;176;177;0;0
5;23233877;E.M. NOELZINDA SATIRO SANTIAGO;151;191;117;84;99;65;0;0;0;0;0;0;0
5;23256737;E.M. NOVO RENASCER;0;112;56;99;80;83;84;0;0;0;0;0;0
5;23184914;E.M. PADRE ANTONIO MONTEIRO DA CRUZ;56;134;86;88;58;77;96;186;205;225;184;56;101
5;23257725;E.M. PADRE CICERO ROMAO BATISTA;184;200;125;51;0;0;0;0;0;0;0;0;0
5;23264187;E.M. PROF.? EDILSON BRASIL SOAREZ;171;70;40;71;59;64;79;72;77;0;0;35;88
5;23071435;E.M. PROF.? JACINTO BOTELHO;107;115;70;72;73;62;87;75;78;95;79;27;76
5;23244283;E.M. PROF.? JOSE CIRIO PEREIRA FILHO;148;279;128;124;124;117;113;0;0;0;0;0;0
5;23304812;E.M. PROF.? JOSE FERREIRA DE ALENCAR;96;184;63;78;76;65;139;0;0;0;0;0;0
5;23235080;E.M. PROF.? JOSE MARIA MOREIRA CAMPOS;156;218;75;106;127;134;133;189;188;158;0;0;0
5;23212543;E.M. PROF.? LUIS RECAMONDE CAPELO;0;0;0;0;0;0;0;124;130;113;129;0;0
5;23186690;E.M. PROF.? OSMIRIO DE OLIVEIRA BARRETO;146;104;67;53;65;66;63;71;74;39;0;0;0
5;23445645;E.M. PROF.? ANTONIA MARIA DE LIMA;91;199;132;136;150;0;0;0;0;0;0;0;0
5;23073144;E.M. PROF.? LIREDA FACO;0;219;40;45;34;44;45;291;269;264;265;92;227
5;23076720;E.M. RACHEL VIANA MARTINS;75;79;42;49;56;87;64;111;139;139;114;0;0
5;23256761;E.M. RAIMUNDO MOREIRA SENA;286;268;131;91;97;94;89;118;182;148;0;0;0
5;23257342;E.M. REITOR ANTONIO MARTINS FILHO;132;232;150;129;127;191;189;0;0;0;0;0;0
5;23256990;E.M. ROSA AMARO CAVALCANTE;0;94;115;96;80;115;0;0;0;0;0;0;0
5;23256656;E.M. SAGRADO CORACAO;0;131;108;97;0;0;0;0;0;0;0;0;0
5;23256915;E.M. SANTA ISABEL;0;0;0;176;154;132;198;0;0;0;0;0;0
5;23272724;E.M. SANTOS DUMONT;93;130;85;79;68;95;70;182;225;230;173;0;0
5;23077468;E.M. SEBASTIAO DE ABREU;94;0;0;0;0;0;0;217;155;186;245;0;0
5;23272082;E.M. SECRETARIO ESCOLAR FRANCISCO DE ASSIS MOREL FERNANDES;0;0;0;0;72;75;82;78;72;30;30;0;0
5;23257652;E.M. TOMAZ MUNIZ;214;158;84;84;83;80;0;0;0;0;0;0;0
5;23256907;E.M. ULISSES GUIMARAES;91;165;110;104;130;132;156;0;0;0;0;0;0
6;23065192;E.M. ANGELICA GURGEL;0;0;0;0;0;0;0;153;195;227;273;30;82
6;23065834;E.M. BARBARA DE ALENCAR;0;0;0;0;0;0;0;193;258;302;194;0;82
6;23250623;E.M. CESAR CALS DE OLIVEIRA NETO;94;363;88;83;131;99;128;0;0;0;0;0;0
6;23070137;E.M. CONEGO FRANCISCO PEREIRA DA SILVA;194;297;98;132;127;95;129;184;166;108;113;0;0
6;23070846;EMTI GUIOMAR DA SILVA ALMEIDA;0;0;0;0;0;0;0;106;112;74;93;0;0
6;23272708;EMTI JOSE CARVALHO;0;0;0;0;0;0;0;111;113;114;115;0;0
6;23275154;EMTI LAIS RODRIGUES DE ALMEIDA;0;0;0;0;0;0;0;112;152;188;0;0;0
6;23272007;EMTI MARIA ODETE DA SILVA COLARES;0;0;0;0;0;0;0;116;156;116;75;0;0
6;23065346;EMTI PROF.? ANTONIO GIRAO BARROSO;0;0;0;0;0;0;0;74;74;111;74;0;0
6;23067829;E.M. DEMOCRITO ROCHA;0;0;0;0;0;0;64;205;151;225;225;0;0
6;23069953;E.M. FRANCISCA ORIA SERPA;0;0;0;0;0;0;0;94;114;137;73;0;0
6;23273763;E.M. FRANCISCA ORIA SERPA - UNID II;0;0;150;124;120;96;102;75;73;0;79;0;0
6;23235128;E.M. ISABEL FERREIRA;129;245;132;125;132;131;133;0;0;0;0;0;0
6;23071427;E.M. ISMAEL PORDEUS;96;0;64;54;67;69;68;152;159;150;155;57;76
6;23071796;E.M. JOAO GERMANO DA PONTE NETO;115;291;140;99;109;127;125;0;0;0;0;0;0
6;23546018;E.M. JOAO NOGUEIRA JUCA;101;100;77;64;75;72;56;0;0;0;0;0;0
6;23235373;E.M. JOAO SARAIVA LEAO;76;180;136;132;160;212;172;0;0;0;0;33;79
6;23324260;E.M. JORNALISTA JOSE BLANCHARD GIRAO DA SILVA;243;200;85;83;84;115;89;0;0;0;0;0;0
6;23250429;E.M. JOSE BARROS DE ALENCAR;0;73;46;54;56;59;0;0;0;0;0;0;0
6;23186771;E.M. JOSE MOREIRA LEITAO;199;237;131;164;158;168;190;0;0;0;0;0;0
6;23256478;E.M. JOSE SOBREIRA DE AMORIM;34;80;35;50;47;59;48;0;0;0;0;0;0
6;23078693;E.M. JOSEFA BARROS DE ALENCAR;0;143;109;80;65;63;93;0;0;0;0;0;0
6;23256001;E.M. LIONS CLUBE FORTALEZA FATIMA;0;0;87;103;67;61;61;0;0;0;0;0;0
6;23244291;E.M. MANOELITO GUIMARAES DOMINGUES;68;174;101;97;85;86;95;0;0;0;0;0;0
6;23073535;E.M. MARIA DE JESUS ORIA ALENCAR;131;306;154;137;156;165;165;0;0;0;0;0;0
6;23256591;E.M. MARIA DE LOURDES;95;62;48;35;36;42;61;0;0;0;0;0;0
6;23073543;E.M. MARIA DE LOURDES RIBEIRO JEREISSATI;100;235;70;108;93;128;130;160;149;160;0;0;0
6;23073667;E.M. MARIA HELENILCE CAVALCANTE LEITE MARTINS;120;0;73;62;33;33;64;188;228;220;222;0;118
6;23074078;E.M. MARIETA CALS;169;137;0;0;0;0;0;238;273;256;215;33;76
6;23074124;E.M. MARTHA DOS MARTINS COELHO GUILHERME;148;159;57;26;51;33;66;171;155;179;118;0;0
6;23078677;E.M. MOREIRA DA ROCHA;0;0;24;44;127;136;128;0;0;0;0;36;83
6;23078723;E.M. OTAVIO DE FARIAS;0;0;151;166;167;216;204;0;0;0;0;30;119
6;23074582;E.M. PARQUE SAO MIGUEL;197;231;91;85;28;0;0;0;0;0;0;0;0
6;23065206;E.M. PROF.? ANISIO TEIXEIRA;170;254;129;109;115;123;152;0;0;0;0;0;0
6;23263075;E.M. PROF.? CLODOMIR TEOFILO GIRAO;60;172;88;108;125;132;131;0;0;0;0;0;62
6;23070013;E.M. PROF.? FRANCISCO DE MELO JABORANDI;173;274;162;158;165;163;168;0;0;0;0;0;0
6;23256605;E.M. PROF.? BERNADETE ORIA DE OLIVEIRA;100;163;91;100;81;96;77;0;0;0;0;49;0
6;23068175;E.M. PROF.? EDITH BRAGA;60;163;110;133;128;131;133;0;0;0;0;0;68
6;23070188;E.M. PROF.? FERNANDA MARIA DE ALENCAR COLARES;152;92;45;48;33;65;65;116;180;159;152;0;0
6;23324279;E.M. PROF.? MARIA ANTONEZIA MEIRELES E SA;40;164;0;0;0;0;0;256;390;304;288;0;0
6;23256460;E.M. PROF.? MARIA DO SOCORRO FERREIRA VIRINO;120;221;127;108;132;164;99;0;0;0;0;0;0
6;23255919;E.M. PROF.? MARIA EVAN DO CARMO;78;187;88;78;0;0;0;0;0;0;0;0;0
6;23256540;E.M. PROF.? OLINDINA CARVALHO DE MORAIS;202;286;140;42;0;0;0;0;0;0;0;0;0
6;23323469;E.M. PROF.? RAIMUNDA FELIX DE ALCANTARA;0;0;0;28;68;65;68;120;0;0;0;0;0
6;23078006;E.M. PROF.? TEREZINHA FERREIRA PARENTE;233;90;0;0;0;0;0;221;186;189;358;32;113
6;23233800;E.M. SINO PINHEIRO;55;53;66;177;188;196;207;0;0;0;0;31;78
6;23077794;E.M. TAIS MARIA BEZERRA NOGUEIRA;0;0;0;0;0;0;0;294;272;237;159;60;82
6;23078162;E.M. TRISTAO DE ALENCAR;357;403;43;71;64;83;82;0;0;0;0;0;0
6;23072229;E.M. VEREADOR JOSE BARROS DE ALENCAR;0;0;0;0;0;0;0;173;201;160;164;0;38
6;23078600;E.M. YOLANDA QUEIROZ;133;152;36;48;30;34;58;111;74;115;68;0;0
